[{"model": "auth.user", "pk": 1, "fields": {"password": "pbkdf2_sha256$600000$pGqlPdvfYxYTkCpDBICmIp$3OWbTbmjL5luUZ+mzE0hLn8NkIm/JPVaGpu8kT6AXzA=", "last_login": "2025-06-19T07:56:36.308Z", "is_superuser": true, "username": "manager", "first_name": "kasem", "last_name": "Ak shad", "email": "kasusaimi@gmail.com", "is_staff": true, "is_active": true, "date_joined": "2025-03-25T14:41:00Z", "groups": [], "user_permissions": []}}, {"model": "auth.user", "pk": 2, "fields": {"password": "pbkdf2_sha256$600000$dna5cl69pTRUo46agfnSoA$K8GpOoSjt6NeGuXMGwvC5EfU4ET2eS65w3xOhDG6trI=", "last_login": "2025-06-05T18:35:27.807Z", "is_superuser": false, "username": "test2", "first_name": "", "last_name": "", "email": "any@gmail.com", "is_staff": false, "is_active": true, "date_joined": "2025-06-05T18:34:10.470Z", "groups": [], "user_permissions": []}}, {"model": "auth.user", "pk": 3, "fields": {"password": "pbkdf2_sha256$600000$1zGnY21c8nRBhwlGvC5zAZ$duEfpysxKt7mZLM58BHuD3lCsrhyJlcTppXUV5I0CXU=", "last_login": "2025-06-18T20:50:15.225Z", "is_superuser": false, "username": "kard", "first_name": "", "last_name": "", "email": "testany@gmail.com", "is_staff": false, "is_active": true, "date_joined": "2025-06-17T10:57:22.865Z", "groups": [], "user_permissions": []}}, {"model": "sessions.session", "pk": "0eps0996mx9bxjimj4rqkotd9sn7uc40", "fields": {"session_data": ".eJxVjstuAyEMRf_F6xECh8eEZff9BmQDydBWUA2M1CrKv5dUWbSSdRe-x0e-QaBjbOHoeQ8lgQcFy98dU3zP9VGkN6rXJmKrYy8sHoh4tl28tpQ_Xp7sP8FGfZvXqzRIq7Msnblwys7FpJMz1mjSuGpkF5FMxIvlk5NnVlZLi8rN5KTtlFKM7ajj153rKJFGToEG-EmdrZmDQiuJTp_mCz33XloN-euz7N_g5QJMV_A3QAseF5ip7vcfP2tRRw:1uPORD:bKi6qOiz2kCbW-wQEX_vRFKMulqnhZiNuD_eZYaa610", "expire_date": "2025-06-25T16:36:31.690Z"}}, {"model": "sessions.session", "pk": "0kzieb9hhm5mqfd63xvp25tcaxtxp1wa", "fields": {"session_data": "eyJiYWciOnsiNSI6MiwiMjYiOjJ9fQ:1uOZVF:kmLdE_WW-_4KaGV4lShGxvroGhF3qgbo1dsWXP4SeGI", "expire_date": "2025-06-23T10:13:17.580Z"}}, {"model": "sessions.session", "pk": "0uvc3dbg7ehrxkjw0ya0iew8t9trum97", "fields": {"session_data": "eyJiYWciOnsiMjYiOjMsIjI4IjoyfX0:1uPOz0:t84wE7OiRuNfj2rfEQpanwsOz6DhJtQ3IrvU-0-Bu3g", "expire_date": "2025-06-25T17:11:26.162Z"}}, {"model": "sessions.session", "pk": "1ukqjno6dd9yqco2iihdt5oh5qtvl8o2", "fields": {"session_data": "eyJiYWciOnsiNSI6MiwiMjYiOjEsIjMwIjoyfX0:1uOYPI:DDOwJCCxvSCZU-DOURXQFqfqye4l0o-Cp5gSvM5n8_4", "expire_date": "2025-06-23T09:03:04.980Z"}}, {"model": "sessions.session", "pk": "3h7pjqz6wbutwb1i54sxsm8tlvost3oi", "fields": {"session_data": "e30:1uRSzC:P4ATOExND6B7TynaHDBgCeS-8XWvXVgKA5lE6RiVazs", "expire_date": "2025-07-01T09:52:10.907Z"}}, {"model": "sessions.session", "pk": "6zaxpjvprakoty30mwubqd8qhflwjrwu", "fields": {"session_data": "e30:1uRTqF:JspcZCaQY1yovE1SYX5mi9SWMO7wjI91bitEI-24zr4", "expire_date": "2025-07-01T10:46:59.491Z"}}, {"model": "sessions.session", "pk": "8ch6hzre67yhsnhbyhiot3byr5qdyllv", "fields": {"session_data": ".eJxVjs0OwiAQhN-FsyFAgW179O4zkOWnFjVgCk00xneXmh70sHPYmfkyL2JwrbNZS1hM9GQknBx-fxbdNaTN8BdM50xdTnWJlm4RuruFnrIPt-Oe_QPMWObW7pkS2IO2DNRkfQBwXnpQWkmUopfCghOonJi07YANlmvJtODQ1HqpGxSdy2uqX3ZINTqswRusZOSgWMcHGDTtOtm3axNKKCXmZMLjHpcnGdn7A8lnTFM:1uSA8S:rSwU5NSgHnoQLdNpt2OszCOLCVUO4AvqoWSTLeX0bCU", "expire_date": "2025-07-03T07:56:36.398Z"}}, {"model": "sessions.session", "pk": "9wcgm10toqxa5olr0vnolajhu0witck8", "fields": {"session_data": ".eJxVjDsOgzAQRO-yNbLsje0lLtPnDGjXNp8kAglDhbh7QKKhmWLem9lAuIOwAXoIpgJjIOBeQcPr0jdryXMzJAhg4NYJx28eT5A-PHaTitO4zIOoU1EXLeo9pfx7Xe7toOfSH-taO-SavGhyraRMFJNN5LyzbLG2KBSRXcTWy4P0U4y32qOhIyVZD_sffFU8AA:1uOaRe:FHUWKkNR3x_v43N31ouOa6WKRMBpUDxqnbk8qdSv-Dc", "expire_date": "2025-06-23T11:13:38.073Z"}}, {"model": "sessions.session", "pk": "a3pg4en4ko5vo4hqpl4hxo7iit90zzm9", "fields": {"session_data": ".eJxVjDEOwjAMRe-SGUWJmxLDyM4ZKsd2SAE1UtNOiLtDpQ6w_vfef5mB1qUMa9N5GMWcjTeH3y0RP3TagNxpulXLdVrmMdlNsTtt9lpFn5fd_Tso1Mq35twDcVSNPlH2vYteJKAAYGYPSRwgdBGcI8onZRbBoNJhQAzu6M37A_4zOCI:1u1jLF:JABcnhCbGPRs4v9VhDQbvp2vlK6xw4RwoHSS7TVjlc0", "expire_date": "2025-04-21T10:04:33.140Z"}}, {"model": "sessions.session", "pk": "aniwrb4n5esytt0t6w1egf9kk6bp4sgx", "fields": {"session_data": ".eJxVjsFuwyAQRP-Fc4VgjQP2sfd-A1rvrmuSCiqDpURR_j12lEN7nTfzNHcVcWtL3KqsMbEalVUff7MJ6SL5AHzG_F00ldzWNOmjot-06q_C8vP57v4TLFiXfU1zD0hexNsJZ9sbb5ldYIAwk4WJDQToPBiDOA9CxByccBdcCM6cjldIVLbcXm7JLRE24YhNjdY7GAa7C7SxJwi-2y9UqTWVHOX6m9abGs3jCU8gTZM:1txPnL:HGMtMTAmb8AhEBUquoV_8h2ZGjRlEReuCRBGisPuTCs", "expire_date": "2025-04-09T12:23:43.020Z"}}, {"model": "sessions.session", "pk": "bjoobocbrc20waw3s36uux9m8zqxfdxn", "fields": {"session_data": ".eJxVj81uAyEMhN_F5wixBOxdjr33GZD5SZa2gmphpVZR3j3k55KLP8kzHo0v4PkM9gIG7HQARU8sYNXA_MTQ1PUAjve-ur2lzeUIFiZ423kO36nchfjF5VxFqKVv2Yu7RbzUJj5rTD8fL-9bwMptHdezNIpnQi_JnHxMRCHqSAaNZq1mrTwFxSaoE_ojycVPqCWqicb0UeMI5RDqXvojO5WeA_cUHffxHOkFDR3RCEJcCPWo0FJruRaX_n7z9g9WXm-5z1Ut:1uPOM6:DIR496_UX-d2xoERIr8NIahbja_syuuXm5CDGQDZ6mk", "expire_date": "2025-06-25T16:31:14.132Z"}}, {"model": "sessions.session", "pk": "bzl5c82z0xawafvv7kwx3b98qt1w5jpb", "fields": {"session_data": ".eJxVjs9qAyEQxt9lzkHUVcfssfc-g8yoydoWLasLLSHvXlNyaOFjDt-fH3ODQMfYwtHzHkqCFRSc_npM8T3XR5DeqF6biK2OvbB4VMQz7eK1pfzx8uz-A2zUt7n20mry6FiivXDKiDGZhNZZQ0Z7oxmjJhv1xfGC8szKGem0wnk5GTehFGM76vhl5zpKpJFToAGrQiv11NmJRUmPfpkv9Nx7aTXkr8-yf8MqT8B0hfUG2s7J_f4DXCNQLA:1uRs3Z:qxrUtdyUE43ZCtwSvEhD8pw9B95HX1ZpNwEvFOzx5Jw", "expire_date": "2025-07-02T12:38:21.932Z"}}, {"model": "sessions.session", "pk": "c0mj1hz177ieti8inuyutgyvjv2ml0nz", "fields": {"session_data": "e30:1uQsMx:fgOClSgJor8xgvLPHZVxYlUNafPfNmaQaiBsFRWEyA0", "expire_date": "2025-06-29T18:46:15.362Z"}}, {"model": "sessions.session", "pk": "dhekix48q45vptdvv1jwhignhg3hwrny", "fields": {"session_data": ".eJxVjDEOwjAMRe-SGUWJmxLDyM4ZKsd2SAE1UtNOiLtDpQ6w_vfef5mB1qUMa9N5GMWcjTeH3y0RP3TagNxpulXLdVrmMdlNsTtt9lpFn5fd_Tso1Mq35twDcVSNPlH2vYteJKAAYGYPSRwgdBGcI8onZRbBoNJhQAzu6M37A_4zOCI:1tzu1r:pLW0beASdvgR22yE9-XZGIXaJbGQLFiJ-zZ6HiUTcvM", "expire_date": "2025-04-16T09:04:59.708Z"}}, {"model": "sessions.session", "pk": "gh3pbcbe6cn226yqkmqwjg9st17o8x09", "fields": {"session_data": ".eJxVjsuOAiEQRf-FtSFFCVRPL937DaR4aDNjwDR0ojH-uzhxMbO5i_s4uQ_heOuL21paXY5iFkrs_nqew08q7yB-czlXGWrpa_byXZGftMljjely-HT_ARZuy1hPYJAnsh7InHxMRCHqSMYazRonjZ4Csgl4sn5P8OWV1WBR0VAftR1QDqFupf-yU-k5cE_RcRezIgNoFGgtUQEi7MeFllrLtbh0u-b1LmbYCc9nMT-EGYvn8wUIJ0_e:1uRsFg:pYafLqUf0wnihxJZDqTGdS3C_ErgiJdNeIxRxfS0UTI", "expire_date": "2025-07-02T12:50:52.010Z"}}, {"model": "sessions.session", "pk": "ijk034kpuik9qslmu3zdqqmvtbmjwzru", "fields": {"session_data": ".eJxVjDEOwjAMRe-SGUWJmxLDyM4ZKsd2SAE1UtNOiLtDpQ6w_vfef5mB1qUMa9N5GMWcjTeH3y0RP3TagNxpulXLdVrmMdlNsTtt9lpFn5fd_Tso1Mq35twDcVSNPlH2vYteJKAAYGYPSRwgdBGcI8onZRbBoNJhQAzu6M37A_4zOCI:1uNFT2:Q0DB7bOmgtZ00Xc9_pUfIX_8VPH1II8-haS0pB4zbTo", "expire_date": "2025-06-19T18:37:32.294Z"}}, {"model": "sessions.session", "pk": "iq40k9nwrh4hd3as25ga2bf4nn3iliw4", "fields": {"session_data": ".eJxVjkEOwiAQRe_C2hCKwLRduvcMZICpRQ2YQo3GeHfRuNDNX8x_8_IfzOJaZ7sWWmwMbGQd2_zeHPoTpXcRjpgOmfuc6hIdfyP82xa-z4HOuy_7J5ixzO27F1piD8YJ0JMLBOCDCqCNVqhkr6QDL1F7ORm3BTG4zihhZActXVCmSdH7vKb6cVOq0WOlYLGysVFDPwxKdFyBAdi2BYVKiTlZul3icmej2LCCV7IxTZmNE54LPV8V81Kc:1uQUHF:sz_af12dhuCZfdEio1bWSNrUwl5c7SigUiG5uf5xG5M", "expire_date": "2025-06-28T17:02:45.029Z"}}, {"model": "sessions.session", "pk": "kecfpeek839vffeivtci8didika9sh65", "fields": {"session_data": ".eJxVjDEOwjAMRe-SGUWJmxLDyM4ZKsd2SAE1UtNOiLtDpQ6w_vfef5mB1qUMa9N5GMWcjTeH3y0RP3TagNxpulXLdVrmMdlNsTtt9lpFn5fd_Tso1Mq35twDcVSNPlH2vYteJKAAYGYPSRwgdBGcI8onZRbBoNJhQAzu6M37A_4zOCI:1u1kJe:ThVfC3NvElatftuPU6f1lrEli326CNWMZfZdKl70ufY", "expire_date": "2025-04-21T11:06:58.297Z"}}, {"model": "sessions.session", "pk": "kp9uhd5n8s8vmpv6to8j5efnky2ecv1r", "fields": {"session_data": ".eJxVjksOwiAURffC2BCgwKMdOncN5PGpRQ2YQhONce-2pgOd3MH9nNwXsbi0yS41zjYFMhBODr-eQ3-NeQvCBfO5UF9ym5OjW4XuaaWnEuLtuHf_ABPWaV0bpgQa0I6BGl2IAD7IAEoriVIYKRx4gcqLUbsOWO-4lkwLDqu6IPUKRe_LktuXHXNLHlsMFhsZOCgmtNGGUd71xkhYL9RYayrZxsc9zU8ysPcHyfVMWg:1uRwtH:PUEPwxcYDPceLidxfOoWe_EFl76TDrr34AEXmkA5Pko", "expire_date": "2025-07-02T17:48:03.133Z"}}, {"model": "sessions.session", "pk": "ktqbbsv8dmylij5lbx6wq511glfl8tly", "fields": {"session_data": ".eJxVjsFuwyAQRP-Fc4UAY7P2Mfd-A1rvrmuSCCqDpVZR_j1xlEN7nXnzNDcVcW9r3KtsMbGalFUff7MZ6SL5KPiM-atoKrltadYHot9t1Z-F5Xp6s_8EK9b1uaald0hBJNgZF9ubYJk9sHOwkHUzGweuC84YxGUUImbwwh14AG-G4xUSlT23l1tyS4RNOGJTkw2-GzsDPWgwAcZheF6oUmsqOcrPd9p-1WTuD1ECTaY:1u1M54:xZBy0Qkk4qRjrR4jDfj2xU2vL36bRBvHyujwLvwEPhM", "expire_date": "2025-04-20T09:14:18.819Z"}}, {"model": "sessions.session", "pk": "l297smzayurl7p6ghnsll2gayjngbtbp", "fields": {"session_data": "e30:1uRRtR:xetfTEPOchRkhz6t8QfLRo60yM4oTAmVLUI5PU7Odog", "expire_date": "2025-07-01T08:42:09.813Z"}}, {"model": "sessions.session", "pk": "r3mae4e854pehysglvo92ga4kqsbqk4j", "fields": {"session_data": ".eJxVjEEOwjAMBP-SM6oSNyWGG3wkcm1HiahSiaYnxN9pUQ9w3NndeZlIa8txXfQZi5irceb0y0bih9a9oGnacUfM81pb990c9dLdtqS1FaZW5no_Xn-qTEvePJwGIA6qwY2U3GCDE_EoAJjYwSgWEPoA1hKlizKLoFfp0SN6e3bm_QHWLzyW:1u00wU:XP_Yw2GuLpgsRUseFgN4hFpXY3uuuGTT_fwHTwqSh2o", "expire_date": "2025-04-16T16:27:54.919Z"}}, {"model": "sessions.session", "pk": "ryag2k5it7l14p55dlxwil7fvbvtjprc", "fields": {"session_data": ".eJxVjk2OAiEQhe9Sa0MAC2h7OXvPQKoAbXQCpqGTmRjvLhoXM5u3eD9f3h08bX3xW0urzxFmULD76zGFayqvIF6onKsItfQ1s3hVxCdt4lhj-v76dP8BFmrLWE_SaJqcZenMiWNyLkSMzliDhHpCzS5oMkGfLO-dPLCyKK1WbihHtANKIdSt9Dc7lZ4D9RQ9dZiVM1KqvUEtFB4mhTgutNRarsWnn1tef2GWO2A6w3wHMxaPxxMLJk_y:1uQsSx:DVKEgLPRPmJ8sqOH2S0bE39gsBasrjWy6MOjAzsmDLw", "expire_date": "2025-06-29T18:52:27.989Z"}}, {"model": "sessions.session", "pk": "s4wc3njuxp8talnhqxibiczu8pjdsf7v", "fields": {"session_data": ".eJxVjDsOwyAQRO-ytYUAA0so0_sM1i7gTxLZkj-V5bsHSy6SZkaaNzMHtLRvQ7uveWnHBAEUVL8ZU3zn6QLpRVM_izhP2zKyuCripqto5pQ_z7v7dzDQOpS1l1aTR8cSbccpI8ZkElpnDRntjWaMmmzUneMa5YOVM9JphUU5GVdOmXoIBygPoa5AOQiqmCp2nl9e-D1E:1uOfUq:M0Olaqmmk-68BhmJbTaxugrke8xhxVcssN4s7bE2bG8", "expire_date": "2025-06-23T16:37:16.533Z"}}, {"model": "sessions.session", "pk": "yh5bgz8dg82l16agflenka31t2ljwx2k", "fields": {"session_data": ".eJxVjsFuwyAQRP-Fc4RgDYH42Hu_Aa131zFtBZHBUqMo_544yqG9zrx5mptKuPUlbU3WlFmNyqrD32xC-payF_yF5Vw11dLXPOkd0e-26c_K8vPxZv8JFmzLc02zB6QgEuyEs_UmWGYXGSDOZGFiAxGGAMYgzichYo5OeIguRmeO-yskqlvpL7eUngm7cMKuRhvcaQjeR68heDAOnheatJZrSfJ7yetVjeb-AE_FTZY:1uOCVF:j58p34AWqG8m0-69RKRx3Ss9Yh1OMRVXh1ySfbMYBBc", "expire_date": "2025-06-22T09:39:45.299Z"}}, {"model": "sessions.session", "pk": "zvmrl550nw1eh107vxy4vlsn06q7evl1", "fields": {"session_data": ".eJxVj8FuAyEMRP_F5wixDobtHnPvNyAbSJY0gmphpVZR_r2kyiWS5YNn5ml8B-ELLHdAgmV6HMDz3le_t7T5HGGBCd5uwuErlacQr1wuVYVa-pZFPS3qpTb1WWO6nV7eN8DKbR3pWRPy7KxoR2eJybkQTXRkybDB2aC4gEwBz1aOTn_IZI22OLmxJRo7oBxC3Uv_Z6fSc-Ceouc-_nCkcYwlZVGTOeKo0FJruRaffr7z9guLfvwBgvFQIA:1uRs2z:Jkg_9Q4jSbMS6dPt2v9IY_ejZaUCtubbWtFN8rZqPKs", "expire_date": "2025-07-02T12:37:45.656Z"}}, {"model": "sites.site", "pk": 1, "fields": {"domain": "ecommerce.example.com", "name": "E-commerce"}}, {"model": "account.emailaddress", "pk": 1, "fields": {"user": 1, "email": "kasusaimi@gmail.com", "verified": true, "primary": true}}, {"model": "account.emailaddress", "pk": 2, "fields": {"user": 2, "email": "any@gmail.com", "verified": true, "primary": true}}, {"model": "account.emailaddress", "pk": 3, "fields": {"user": 3, "email": "testany@gmail.com", "verified": true, "primary": true}}, {"model": "products.brand", "pk": 1, "fields": {"name": "dell", "other_name": "Dell"}}, {"model": "products.brand", "pk": 2, "fields": {"name": "new_arrivals", "other_name": "New arrivals"}}, {"model": "products.brand", "pk": 3, "fields": {"name": "apple", "other_name": "Apple"}}, {"model": "products.brand", "pk": 4, "fields": {"name": "hp", "other_name": "Hp"}}, {"model": "products.brand", "pk": 5, "fields": {"name": "lenovo", "other_name": "Lenovo"}}, {"model": "products.brand", "pk": 6, "fields": {"name": "deals", "other_name": "Deals"}}, {"model": "products.brand", "pk": 7, "fields": {"name": "clearance", "other_name": "Clearance"}}, {"model": "products.product", "pk": 1, "fields": {"brand": 1, "sku": "5440-58251", "name": "Dell Latitude 5440 - 14.0\" FHD / i5 / 8GB / 256GB (NVMe M.2 SSD) / DOS (Without OS) / 1YW - Laptop", "display": "14.0\" FHD (1920 x 1080) IPS Anti-Glare Non-Touch Display", "processor": "Intel« Coreآ i5-1335U P-Core 1.30GHz, E-Core 0.90GHz Processor", "memory": "8GB RAM / 256GB (NVMe M.2 SSD)", "storage": "250GB", "graphics": "Intel« Iris« Xe Graphics", "warranty": "One Year Warranty", "operating_system": "DOS (Without OS)", "availability": true, "price": "600.00", "rating": "3.20", "image_url": null, "image": "del-8GB-DOS.jpg"}}, {"model": "products.product", "pk": 2, "fields": {"brand": 1, "sku": "3550-58511", "name": "Dell Latitude 3550 - 15.6\" FHD / i5 / 8GB / 512GB (NVMe M.2 SSD) / DOS (Without OS) / 1YW - Laptop", "display": "15.6\" FHD - Creates a better overall viewing experience.", "processor": "Intel« Coreآ i5-1335U - Powerful intel processor with turbo boost technology.", "memory": "8GB RAM - Fast memory ensures smooth performance.", "storage": "512GB (NVMe M.2 SSD) Storage - Offers fast data access and ample space for storing files, documents, and media", "graphics": "Intel Integrated Iris Xe Graphics - Provides clear graphics for video streaming.", "warranty": "One Year Warranty", "operating_system": "DOS (Without OS)", "availability": true, "price": "620.00", "rating": "3.10", "image_url": null, "image": "del8GB-DOS.jpg"}}, {"model": "products.product", "pk": 3, "fields": {"brand": 1, "sku": "3550-585101", "name": "Dell Latitude 3550 - 15.6\" FHD / i5 / 8GB / 512GB (NVMe M.2 SSD) / Win 11 Pro / 1YW - Laptop", "display": "15.6\" FHD - Creates a better overall viewing experience.", "processor": "Intel« Coreآ i5-1335U - Powerful intel processor with turbo boost technology.", "memory": "8GB RAM - Fast memory ensures smooth performance.", "storage": "512GB (NVMe M.2 SSD) Storage - Offers fast data access and ample space for storing files, documents, and media", "graphics": "Intel Integrated Iris Xe Graphics - Provides clear graphics for video streaming.", "warranty": "One Year Warranty", "operating_system": "Microsoft Windows« 11 Professional (OEM)", "availability": true, "price": "690.00", "rating": "4.00", "image_url": null, "image": "del-8GB-WIN_239.jpg"}}, {"model": "products.product", "pk": 4, "fields": {"brand": 1, "sku": "3440-58251", "name": "Dell Latitude 3440 - 14.0\" FHD / i5 / 8GB / 256GB (NVMe M.2 SSD) / DOS (Without OS) / 1YW - Laptop", "display": "14.0\" FHD - Screen-To-Body Ratio Creates a Better Overall Viewing Experience", "processor": "Intel« Coreآ i5-1335U - Powerful intel Processor with Turbo Boost Technology", "memory": "8GB RAM - Fast Memory Ensures Smooth Performance", "storage": "256GB (NVMe M.2 SSD) Storage - Offers Fast Data Access and Ample Space for Storing files, Documents, and Media", "graphics": "Intel« Iris« Xe Graphics - Provides Clear Graphics for Video Streaming", "warranty": "One Year Warranty", "operating_system": "DOS (Without OS)", "availability": true, "price": "530.00", "rating": "3.80", "image_url": null, "image": "del-8GB-DOS_ab_hYGf5Yj.jpg"}}, {"model": "products.product", "pk": 5, "fields": {"brand": 1, "sku": "3550-51511", "name": "Dell Latitude 3550 - 15.6\" FHD / i5 / 16GB / 512GB (NVMe M.2 SSD) / DOS (Without OS) / 1YW - Laptop", "display": "15.6\" FHD - Creates a better overall viewing experience.", "processor": "Intel« Coreآ i5-1335U - Powerful intel processor with turbo boost technology.", "memory": "16GB RAM - Fast memory ensures smooth performance.", "storage": "512GB (NVMe M.2 SSD) Storage - Offers fast data access and ample space for storing files, documents, and media", "graphics": "Intel Integrated Iris Xe Graphics - Provides clear graphics for video streaming.", "warranty": "One Year Warranty", "operating_system": "DOS (Without OS)", "availability": true, "price": "595.00", "rating": "3.60", "image_url": null, "image": "del-16GB-DOS_45.jpg"}}, {"model": "products.product", "pk": 6, "fields": {"brand": 1, "sku": "3550-53511", "name": "Dell Latitude 3550 - 15.6\" FHD / i5 / 32GB / 512GB (NVMe M.2 SSD) / DOS (Without OS) / 1YW - Laptop", "display": "15.6\" FHD - Creates a better overall viewing experience.", "processor": "Intel« Coreآ i5-1335U - Powerful intel processor with turbo boost technology.", "memory": "32GB RAM - Fast memory ensures smooth performance.", "storage": "512GB (NVMe M.2 SSD) Storage - Offers fast data access and ample space for storing files, documents, and media", "graphics": "Intel Integrated Iris Xe Graphics - Provides clear graphics for video streaming.", "warranty": "One Year Warranty", "operating_system": "DOS (Without OS)", "availability": true, "price": "630.00", "rating": "3.50", "image_url": null, "image": "del-32GB-DOS_8f.jpg"}}, {"model": "products.product", "pk": 7, "fields": {"brand": 1, "sku": "3550-56511", "name": "Dell Latitude 3550 - 15.6\" FHD / i5 / 64GB / 512GB (NVMe M.2 SSD) / DOS (Without OS) / 1YW - Laptop", "display": "15.6\" FHD - Creates a better overall viewing experience.", "processor": "Intel« Coreآ i5-1335U - Powerful intel processor with turbo boost technology.", "memory": "64GB RAM - Fast memory ensures smooth performance.", "storage": "512GB (NVMe M.2 SSD) Storage - Offers fast data access and ample space for storing files, documents, and media", "graphics": "Intel Integrated Iris Xe Graphics - Provides clear graphics for video streaming.", "warranty": "One Year Warranty", "operating_system": "DOS (Without OS)", "availability": true, "price": "710.00", "rating": "3.90", "image_url": null, "image": "del-64GBDOS_1f1.jpg"}}, {"model": "products.product", "pk": 8, "fields": {"brand": 1, "sku": "3550-515101", "name": "Dell Latitude 3550 - 15.6\" FHD / i5 / 16GB / 512GB (NVMe M.2 SSD) / Win 11 Pro / 1YW - Laptop", "display": "15.6\" FHD - Creates a better overall viewing experience.", "processor": "Intel« Coreآ i5-1335U - Powerful intel processor with turbo boost technology.", "memory": "16GB RAM - Fast memory ensures smooth performance.", "storage": "512GB (NVMe M.2 SSD) Storage - Offers fast data access and ample space for storing files, documents, and media", "graphics": "Intel Integrated Iris Xe Graphics - Provides clear graphics for video streaming.", "warranty": "One Year Warranty", "operating_system": "Microsoft Windows« 11 Professional (OEM)", "availability": true, "price": "710.00", "rating": "4.10", "image_url": null, "image": "del-16GB-WIN_751.jpg"}}, {"model": "products.product", "pk": 9, "fields": {"brand": 3, "sku": "Z17G004FN", "name": "Apple MacBook Pro - 14.2\" / M2 Max / 12-Core CPU / 38-Core GPU / 64GB RAM / 2TB SSD / Arb/Eng / Space Grey / 1YW", "display": "14.2\" (3024 x 1964) 1000nits, Liquid Retina XDR Display", "processor": "Apple M2 Max Chip 12-Core CPU with 38-Core GPU", "memory": "2TB SSD", "storage": "64GB RAM", "graphics": "Space Grey", "warranty": "One Year Warranty", "operating_system": "macOS Ventura", "availability": true, "price": "3600.00", "rating": "4.20", "image_url": null, "image": "apple-macbook-pro-142.jpg"}}, {"model": "products.product", "pk": 10, "fields": {"brand": 3, "sku": "Z17G004FQ", "name": "Apple MacBook Pro - 14.2\" / M2 Max / 12-Core CPU / 38-Core GPU / 96GB RAM / 2TB SSD / Arb/Eng / Space Grey / 1YW", "display": "14.2\" (3024 x 1964) 1000nits, Liquid Retina XDR Display", "processor": "Apple M2 Max Chip 12-Core CPU with 38-Core GPU", "memory": "96GB RAM", "storage": "2TB SSD", "graphics": "Space Grey", "warranty": "One Year Warranty", "operating_system": "macOS Ventura", "availability": true, "price": "3900.00", "rating": "4.20", "image_url": null, "image": "apple-macbook-pro-142_dDVEQ8p.jpg"}}, {"model": "products.product", "pk": 11, "fields": {"brand": 3, "sku": "Z15S001AM", "name": "Apple MacBook Air - 13.6\" / M2 / 8-Core CPU / 10-Core GPU / 24GB RAM / 1TB SSD / Arb/Eng / Space Grey / 1YW", "display": "13.6\" Liquid Retina (2560 x 1664) IPS, 500nits, LED-Backlit Display", "processor": "Apple M2 Chip 8-Core CPU with 10-Core GPU", "memory": "24GB RAM", "storage": "1TB SSD", "graphics": "Space Grey", "warranty": "One Year Warranty", "operating_system": "macOS Ventura", "availability": true, "price": "1800.00", "rating": "3.90", "image_url": null, "image": "apple-macbook-air-136.jpg"}}, {"model": "products.product", "pk": 12, "fields": {"brand": 3, "sku": "MRW33AB/A", "name": "Apple MacBook Pro - 16.2\" / M3 Max / 14-Core CPU / 30-Core GPU / 36GB RAM / 1TB SSD / Arb/Eng / Space Black / 1YW - Z1AH000KW", "display": "16.2\" (3456 x 2234) 1000nits, Liquid Retina XDR Display", "processor": "Apple M3 Max Chip 14-Core CPU with 30-Core GPU", "memory": "36GB RAM", "storage": "1TB SSD", "graphics": "Standard", "warranty": "One Year Warranty", "operating_system": "macOS Ventura", "availability": true, "price": "3200.00", "rating": "4.30", "image_url": null, "image": "apple-macbook-pro-162.jpg"}}, {"model": "products.product", "pk": 13, "fields": {"brand": 3, "sku": "Z1AU002UX", "name": "Apple MacBook Pro - 14.2\" / M3 Pro / 12-Core CPU / 18-Core GPU / 18GB RAM / 1TB SSD / Arb/Eng / Space Black / 1YW", "display": "14.2\" (3024 x 1964) 1000nits, Liquid Retina XDR Display", "processor": "Apple M3 Pro Chip 12-Core CPU with 18-Core GPU", "memory": "18GB RAM", "storage": "1TB SSD", "graphics": "Standard", "warranty": "One Year Warranty", "operating_system": "macOS Sonoma", "availability": true, "price": "1800.00", "rating": "4.10", "image_url": null, "image": "apple-macbook-pro-142_5tTuqRC.jpg"}}, {"model": "products.product", "pk": 14, "fields": {"brand": 3, "sku": "Z1AW001HF", "name": "Apple MacBook Pro - 14.2\" / M3 Max / 16-Core CPU / 40-Core GPU / 128GB RAM / 8TB SSD / Arb/Eng / Space Black / 1YW", "display": "14.2\" (3024 x 1964) 1000nits, Liquid Retina XDR Display", "processor": "Apple M3 Max Chip 16-Core CPU with 40-Core GPU", "memory": "128GB RAM", "storage": "8TB SSD", "graphics": "Standard", "warranty": "One Year Warranty", "operating_system": "macOS Sonoma", "availability": true, "price": "6500.00", "rating": "5.00", "image_url": null, "image": "apple-macbook-pro-142_kQ1o4NX.jpg"}}, {"model": "products.product", "pk": 15, "fields": {"brand": 3, "sku": "Z1AL000KV", "name": "Apple MacBook Pro - 16.2\" / M3 Max / 14-Core CPU / 30-Core GPU / 36GB RAM / 1TB SSD / Arb/Eng / Silver / 1YW", "display": "16.2\" (3456 x 2234) 1000nits, Liquid Retina XDR Display", "processor": "Apple M3 Max Chip 14-Core CPU with 30-Core GPU", "memory": "36GB RAM", "storage": "1TB SSD", "graphics": "Standard", "warranty": "One Year Warranty", "operating_system": "macOS Sonoma", "availability": true, "price": "3100.00", "rating": "4.60", "image_url": null, "image": "apple-macbook-pro-142_72EABlo.jpg"}}, {"model": "products.product", "pk": 16, "fields": {"brand": 3, "sku": "MX2H3AB/A", "name": "Apple MacBook Pro - 14.2\" / M4 Pro / 12-Core CPU / 16-Core GPU / 24GB RAM / 512GB SSD / Space Black / 1YW", "display": "14.2\" (3024 x 1964) 1000nits, Liquid Retina XDR Display", "processor": "Apple M4 Pro Chip 12-Core CPU with 16-Core GPU", "memory": "24GB RAM", "storage": "512GB SSD", "graphics": "Standard", "warranty": "One Year Warranty", "operating_system": "macOS Sequoia", "availability": true, "price": "2000.00", "rating": "4.60", "image_url": null, "image": "apple-macbook-pro-142_lDkiKiG.jpg"}}, {"model": "products.product", "pk": 17, "fields": {"brand": 5, "sku": "82YQ0025AX", "name": "Lenovo Yoga Book 9 Gen 8 - 2x 13.3\" 2.8K OLED Multi-Touch / i7 / 16GB / 1TB (NVMe M.2 SSD) / Win 11 Home / 2YW / Arabic/English Keyboard / Tidal Teal - Laptop", "display": "2x 13.3\" 2.8K (2880 x 1800) OLED 400nits Glossy Multi-Touch Display", "processor": "Intel« Coreآ i7-1355U P-Core 1.70GHz, E-Core 1.20GHz Processor", "memory": "16GB RAM", "storage": "1TB (NVMe M.2 SSD)", "graphics": "Intel« Iris« Xe Graphics", "warranty": "Two Years Warranty", "operating_system": "Microsoft Windows« 11 Home (Pre-Installed)", "availability": true, "price": "1550.00", "rating": "4.40", "image_url": null, "image": "lenovo-yoga-book-9.jpg"}}, {"model": "products.product", "pk": 18, "fields": {"brand": 5, "sku": "21JN00CKGR", "name": "Lenovo ThinkPad E16 Gen 1 - 16.0\" WUXGA / i7 / 16GB / 512GB (NVMe M.2 SSD) / DOS (Without OS) / 1YW / Arabic/English / Graphite Black - Laptop", "display": "16.0\" WUXGA (1920 x 1200) IPS 300nits Anti-Glare Display", "processor": "Intel« Coreآ i7-13700H P-Core 2.40GHz, E-Core 1.80GHz Processor", "memory": "16GB RAM", "storage": "512GB (NVMe M.2 SSD)", "graphics": "Integrated Intel« Iris« Xe Graphics", "warranty": "One Year Warranty", "operating_system": "DOS (Without OS)", "availability": true, "price": "850.00", "rating": "3.20", "image_url": null, "image": "lenovo-ThinkPad-E16-Gen-1-01_C9GME3h.jpg"}}, {"model": "products.product", "pk": 19, "fields": {"brand": 5, "sku": "21JK009AGR", "name": "Lenovo ThinkPad E14 Gen 5 - 14.0\" WUXGA / i7 / 8GB / 512GB (NVMe M.2 SSD) / 2GB VGA / DOS (Without OS) / 1YW / Arabic/English / Graphite Black - Laptop With Lenovo« 15.6\" Laptop Casual Toploader", "display": "14.0\" WUXGA (1920 x 1200) IPS 300nits Anti-Glare Display", "processor": "Intel« Coreآ i7-1355U P-Core 1.70GHz, E-Core 1.20GHz Processor", "memory": "8GB RAM", "storage": "512GB (NVMe M.2 SSD)", "graphics": "NVIDIA« GeForce« MX550 2GB GDDR6 Graphics Card", "warranty": "One Year Warranty", "operating_system": "DOS (Without OS)", "availability": true, "price": "900.00", "rating": "3.50", "image_url": null, "image": "lenovoThinkPadE14Gen5GraphiteBlack01_3LO4dYG.jpg"}}, {"model": "products.product", "pk": 20, "fields": {"brand": 5, "sku": "83G0000CAX", "name": "Lenovo Legion 9 Gen 9 - 16.0\" 3.2K / i9 / 64GB / 2TB (NVMe M.2 SSD) / RTX 4090 16GB VGA / Win 11 Home / 2YW / Arabic/English / Carbon Black - Laptop", "display": "16.0\" 3.2K (3200 x 2000) Mini-LED, 1200nits, Anti-Glare 165Hz Display", "processor": "Intel« Coreآ i9-14900HX P-Core 2.20GHz, E-Core 1.60GHz Processor", "memory": "64GB RAM", "storage": "2TB (NVMe M.2 SSD)", "graphics": "NVIDIA« GeForce« RTXآ 4090 16GB GDDR6 Graphics Card", "warranty": "Two Years Warranty", "operating_system": "Microsoft Windows« 11 Home (Pre-Installed)", "availability": true, "price": "4200.00", "rating": "4.00", "image_url": null, "image": "lenovo-64GBDOS_fc797e54.jpg"}}, {"model": "products.product", "pk": 21, "fields": {"brand": 7, "sku": "83DF0064AX", "name": "Lenovo Legion Pro 5 Gen 9 - 16.0\" WQXGA / i9 / 32GB / 1TB (NVMe M.2 SSD) / RTX 4070 8GB VGA / DOS (Without OS) / 1YW / Arabic/English / Onyx Grey - Laptop", "display": "16.0\" WQXGA (2560 x 1600) IPS, 500nits, Anti-Glare 240Hz Display", "processor": "Intel« Coreآ i9-14900HX P-Core 2.20GHz, E-Core 1.60GHz Processor", "memory": "32GB RAM", "storage": "1TB (NVMe M.2 SSD)", "graphics": "NVIDIA« GeForce« RTXآ 4070 8GB GDDR6 Graphics Card", "warranty": "One Year Warranty", "operating_system": "DOS (Without OS)", "availability": true, "price": "1800.00", "rating": "3.60", "image_url": null, "image": "clearance-83DF0064AX.jpg"}}, {"model": "products.product", "pk": 22, "fields": {"brand": 7, "sku": "X1C10GA-71511", "name": "Lenovo ThinkPad X1 Carbon (10th Gen) - 14.0\" WUXGA / i7 / 16GB / 512GB (NVMe M.2 SSD) / DOS (Without OS) / 3YW / Arabic/English - Laptop", "display": "14.0\" WUXGA IPS (1920 x 1200) Low Power Anti-Glare Display", "processor": "Intel« Coreآ i7-1255U P-Core 1.70GHz, E-Core 1.20GHz Processor", "memory": "16GB RAM", "storage": "512GB (NVMe M.2 SSD)", "graphics": "Intel« Iris« Xe Graphics", "warranty": "Three Years Warranty", "operating_system": "DOS (Without OS)", "availability": true, "price": "1200.00", "rating": "4.30", "image_url": null, "image": "lenovo-ThinkPad-X1-Carbon-Gen-10-17.jpg"}}, {"model": "products.product", "pk": 23, "fields": {"brand": 7, "sku": "83DG00CVAX", "name": "Lenovo Legion 5 Gen 9 - 16.0\" WQXGA / i7 / 16GB / 512GB (NVMe M.2 SSD) / RTX 4060 8GB VGA / Win 11 Home / 2YW / Arabic/English / Luna Grey - Laptop", "display": "16.0\" WQXGA (2560 x 1600) IPS, 350nits, Anti-Glare 165Hz Display", "processor": "Intel« Coreآ i7-13650HX P-Core 2.60GHz, E-Core 1.90GHz Processor", "memory": "16GB RAM", "storage": "512GB (NVMe M.2 SSD)", "graphics": "NVIDIA« GeForce« RTXآ 4060 8GB GDDR6 Graphics Card", "warranty": "Two Years Warranty", "operating_system": "Microsoft Windows« 11 Home (Pre-Installed)", "availability": true, "price": "1100.00", "rating": "3.90", "image_url": null, "image": "lenovo-16GB-WIN_3b718017-.jpg"}}, {"model": "products.product", "pk": 24, "fields": {"brand": 7, "sku": "21KC0011GR", "name": "Lenovo ThinkPad X1 Carbon Gen 12 - 14.0\" WUXGA / Ultra 7 155U / 32GB / 1TB (NVMe M.2 SSD) / Win 11 Pro / 3YW / Arabic/English / Black - Laptop", "display": "14.0\" WUXGA (1920 x 1200) IPS Low Power 400nits Anti-Glare Display", "processor": "Intel« Coreآ Ultra 7 155U P-Core 1.70GHz, E-Core 1.20GHz Processor", "memory": "32GB RAM", "storage": "1TB (NVMe M.2 SSD)", "graphics": "Integrated Intel« Graphics", "warranty": "Three Years Warranty", "operating_system": "Microsoft Windows 11 Professional (Pre-Installed)", "availability": true, "price": "2100.00", "rating": "3.70", "image_url": null, "image": "lenovo-1_2_a91b23d6.jpg"}}, {"model": "products.product", "pk": 25, "fields": {"brand": 6, "sku": "82QD00G4AX", "name": "Lenovo IdeaPad 1 Gen 7 - 15.6\" FHD / i7 / 8GB / 512GB (NVMe M.2 SSD) / Win 11 Home / 1YW / Arabic/English / Cloud Grey - Laptop", "display": "15.6\" FHD (1920 x 1080) TN Anti-Glare Display", "processor": "Intel« Coreآ i7-1255U P-Core 1.70GHz, E-Core 1.20GHz Processor", "memory": "8GB RAM", "storage": "512GB (NVMe M.2 SSD)", "graphics": "Intel Iris Xe Graphics Functions as UHD Graphics", "warranty": "One Year Warranty", "operating_system": "Microsoft Windows 11 Home (Pre-Installed)", "availability": true, "price": "500.00", "rating": "4.20", "image_url": null, "image": "deal-lenovo-ideapad-1-gen-7-.jpg"}}, {"model": "products.product", "pk": 26, "fields": {"brand": 6, "sku": "LIPS3G8-71511", "name": "Lenovo IdeaPad Slim 3 Gen 8 - 15.6\" FHD / i7 / 16GB / 512GB (NVMe M.2 SSD) / DOS (Without OS) / 1YW / Arb/Eng / Arctic Grey - Laptop", "display": "15.6\" FHD (1920 x 1080) IPS 300nits Anti-Glare Display", "processor": "Intel« Coreآ i7-13620H P-Core 2.40GHz, E-Core 1.80GHz Processor", "memory": "16GB RAM", "storage": "512GB (NVMe M.2 SSD)", "graphics": "Intel« UHD Graphics", "warranty": "One Year Warranty", "operating_system": "DOS (Without OS)", "availability": true, "price": "400.00", "rating": "4.10", "image_url": null, "image": "deal-lenovo-ideapad-slim-3-gen-8.jpg"}}, {"model": "products.product", "pk": 27, "fields": {"brand": 6, "sku": "21KC001QGR", "name": "Lenovo ThinkPad X1 Carbon Gen 12 - 14.0\" WUXGA / Ultra 7 155U / 16GB / 1TB (NVMe M.2 SSD) / Win 11 Pro / 3YW / Arabic/English / Black - Laptop", "display": "14.0\" WUXGA (1920 x 1200) IPS Low Power 400nits Anti-Glare Display", "processor": "Intel« Coreآ Ultra 7 155U P-Core 1.70GHz, E-Core 1.20GHz Processor", "memory": "16GB RAM", "storage": "1TB (NVMe M.2 SSD)", "graphics": "Integrated Intel« Graphics", "warranty": "Three Years Warranty", "operating_system": "Microsoft Windows 11 Professional (Pre-Installed)", "availability": true, "price": "2000.00", "rating": "4.40", "image_url": null, "image": "deal-777.jpg"}}, {"model": "products.product", "pk": 28, "fields": {"brand": 6, "sku": "21MS000NAX", "name": "Lenovo ThinkBook 16 G7 - 16\" WUXGA / Ultra 7 155H / 8GB / 512GB (NVMe M.2 SSD) / DOS (Without OS) / 1YW / Arabic/English / Arctic Grey With Lenovo Laptop Casual Toploader", "display": "16\" WUXGA (1920x1200) IPS Anti-Glare Display", "processor": "Intel« Coreآ Ultra 7 155H P-Core 3.80GHz, Processor", "memory": "8GB RAM", "storage": "512GB (NVMe M.2 SSD)", "graphics": "Integrated Intel« Arcآ Graphics", "warranty": "One Year Warranty", "operating_system": "DOS (Without OS)", "availability": true, "price": "600.00", "rating": "3.70", "image_url": null, "image": "deal-07_9b8b82d4.jpg"}}, {"model": "products.product", "pk": 29, "fields": {"brand": 4, "sku": "450G10-58511", "name": "HP ProBook 450 G10 - 15.6\" FHD / i5 / 8GB / 512GB (NVMe M.2 SSD) / DOS (Without OS) / 1YW - Laptop", "display": "15.6\" FHD - Creates a better overall viewing experience.", "processor": "Intel« Coreآ i5-1335U - Powerful intel processor with turbo boost technology.", "memory": "8GB RAM - Fast memory ensures smooth performance.", "storage": "512GB (NVMe M.2 SSD) Storage - Offers fast data access and ample space for storing files, documents, and media", "graphics": "Integrated Intel« UHD Graphics Card - Provides clear graphics for video streaming.", "warranty": "One Year Warranty", "operating_system": "DOS (Without OS)", "availability": true, "price": "420.00", "rating": "4.30", "image_url": null, "image": "hp-8GB-DOS_ae9ef873.jpg"}}, {"model": "products.product", "pk": 30, "fields": {"brand": 4, "sku": "450G10-585101", "name": "HP ProBook 450 G10 - 15.6\" FHD / i5 / 8GB / 512GB (NVMe M.2 SSD) / Win 11 Pro / 1YW - Laptop", "display": "15.6\" FHD - Creates a better overall viewing experience.", "processor": "Intel« Coreآ i5-1335U - Powerful intel processor with turbo boost technology.", "memory": "8GB RAM - Fast memory ensures smooth performance.", "storage": "512GB (NVMe M.2 SSD) Storage - Offers fast data access and ample space for storing files, documents, and media", "graphics": "Integrated Intel« UHD Graphics Card - Provides clear graphics for video streaming.", "warranty": "One Year Warranty", "operating_system": "Microsoft Windows« 11 Professional (OEM)", "availability": true, "price": "620.00", "rating": "4.20", "image_url": null, "image": "hp-8GB-DOS_ae9ef873_gaIRZud.jpg"}}, {"model": "products.product", "pk": 31, "fields": {"brand": 4, "sku": "450G10-51511", "name": "HP ProBook 450 G10 - 15.6\" FHD / i5 / 16GB / 512GB (NVMe M.2 SSD) / DOS (Without OS) / 1YW - Laptop", "display": "15.6\" FHD - Creates a better overall viewing experience.", "processor": "Intel« Coreآ i5-1335U - Powerful intel processor with turbo boost technology.", "memory": "16GB RAM - Fast memory ensures smooth performance.", "storage": "512GB (NVMe M.2 SSD) Storage - Offers fast data access and ample space for storing files, documents, and media", "graphics": "Integrated Intel« UHD Graphics Card - Provides clear graphics for video streaming.", "warranty": "One Year Warranty", "operating_system": "DOS (Without OS)", "availability": true, "price": "572.00", "rating": "4.10", "image_url": null, "image": "hp-16GB-DOS.jpg"}}, {"model": "products.product", "pk": 32, "fields": {"brand": 4, "sku": "450G10-515101", "name": "HP ProBook 450 G10 - 15.6\" FHD / i5 / 16GB / 512GB (NVMe M.2 SSD) / Win 11 Pro / 1YW - Laptop", "display": "15.6\" FHD - Creates a better overall viewing experience.", "processor": "Intel« Coreآ i5-1335U - Powerful intel processor with turbo boost technology.", "memory": "16GB RAM - Fast memory ensures smooth performance.", "storage": "512GB (NVMe M.2 SSD) Storage - Offers fast data access and ample space for storing files, documents, and media", "graphics": "Integrated Intel« UHD Graphics Card - Provides clear graphics for video streaming.", "warranty": "One Year Warranty", "operating_system": "Microsoft Windows« 11 Professional (OEM)", "availability": true, "price": "705.00", "rating": "4.50", "image_url": null, "image": "hp-16GB-WIN_79.jpg"}}, {"model": "products.product", "pk": 35, "fields": {"brand": 1, "sku": "5440-58251", "name": "Dell Latitude 5440 - 14.0\" FHD / i5 / 8GB / 256GB (NVMe M.2 SSD) / DOS (Without OS) / 1YW - Laptop", "display": "14.0\" FHD (1920 x 1080) IPS Anti-Glare Non-Touch Display", "processor": "Intel« Coreآ i5-1335U P-Core 1.30GHz, E-Core 0.90GHz Processor", "memory": "8GB RAM / 256GB (NVMe M.2 SSD)", "storage": "250GB", "graphics": "Intel« Iris« Xe Graphics", "warranty": "One Year Warranty", "operating_system": "DOS (Without OS)", "availability": true, "price": "5666.00", "rating": "3.20", "image_url": null, "image": ""}}, {"model": "products.product", "pk": 36, "fields": {"brand": 1, "sku": "3550-58511", "name": "Dell Latitude 3550 - 15.6\" FHD / i5 / 8GB / 512GB (NVMe M.2 SSD) / DOS (Without OS) / 1YW - Laptop", "display": "15.6\" FHD - Creates a better overall viewing experience.", "processor": "Intel« Coreآ i5-1335U - Powerful intel processor with turbo boost technology.", "memory": "8GB RAM - Fast memory ensures smooth performance.", "storage": "512GB (NVMe M.2 SSD) Storage - Offers fast data access and ample space for storing files, documents, and media", "graphics": "Intel Integrated Iris Xe Graphics - Provides clear graphics for video streaming.", "warranty": "One Year Warranty", "operating_system": "DOS (Without OS)", "availability": true, "price": "600.00", "rating": "3.10", "image_url": null, "image": ""}}, {"model": "checkout.order", "pk": 20, "fields": {"order_number": "322BDF3136744424BC666C8E20DD5713", "user_profile": 3, "full_name": "kasem Ak shad.A", "email": "kasusaimi@gmail.com", "phone_number": "0567567577779", "country": "DE", "postcode": "54567", "town_or_city": "Stuttgart", "street_address1": "123 dtt", "street_address2": "any", "county": null, "date": "2025-06-18T12:52:02.812Z", "delivery_cost": "0.00", "order_total": "595.00", "grand_total": "595.00", "original_bag": "{\"5\": 1}", "stripe_pid": "pi_3RbLS8D3PlWdN0L517AB5a7D"}}, {"model": "checkout.order", "pk": 21, "fields": {"order_number": "1C7BB494996C4C1E9BE0613135BDEFF6", "user_profile": 3, "full_name": "kasem Ak shadii", "email": "kasusaimi@gmail.com", "phone_number": "0567567577779", "country": "DE", "postcode": "54567", "town_or_city": "Stuttgart", "street_address1": "123 dtt", "street_address2": "any", "county": null, "date": "2025-06-18T14:52:11.898Z", "delivery_cost": "0.00", "order_total": "850.00", "grand_total": "850.00", "original_bag": "{\"18\": 1}", "stripe_pid": "pi_3RbNKuD3PlWdN0L51NpCbbfb"}}, {"model": "checkout.order", "pk": 22, "fields": {"order_number": "9AA5761A9ABE499D89DD4F3F3156C5E2", "user_profile": 3, "full_name": "kasem Ak shadii", "email": "kasusaimi@gmail.com", "phone_number": "0567567577771", "country": "DE", "postcode": "54567", "town_or_city": "Stuttgart", "street_address1": "123 dtt", "street_address2": "any", "county": null, "date": "2025-06-18T14:56:43.622Z", "delivery_cost": "0.00", "order_total": "600.00", "grand_total": "600.00", "original_bag": "{\"28\": 1}", "stripe_pid": "pi_3RbNPHD3PlWdN0L52q6H5LJ2"}}, {"model": "checkout.order", "pk": 23, "fields": {"order_number": "8A903BD1496E40D094D64BB0A8624384", "user_profile": 3, "full_name": "kasem Ak shad", "email": "kasusaimi@gmail.com", "phone_number": "0567567577771", "country": "DE", "postcode": "54567", "town_or_city": "Stuttgart", "street_address1": "123 dtt", "street_address2": "any", "county": null, "date": "2025-06-18T15:00:44.331Z", "delivery_cost": "0.00", "order_total": "2000.00", "grand_total": "2000.00", "original_bag": "{\"27\": 1}", "stripe_pid": "pi_3RbNTQD3PlWdN0L50vB2xzpS"}}, {"model": "checkout.order", "pk": 24, "fields": {"order_number": "6A64A1E490CD4ED1857DD72D23AE7464", "user_profile": 3, "full_name": "kasem Ak shad", "email": "kasusaimi@gmail.com", "phone_number": "0567567577771", "country": "DE", "postcode": "54567", "town_or_city": "Stuttgart", "street_address1": "123 dtt", "street_address2": "any", "county": null, "date": "2025-06-18T15:05:05.536Z", "delivery_cost": "0.00", "order_total": "500.00", "grand_total": "500.00", "original_bag": "{\"25\": 1}", "stripe_pid": "pi_3RbNXmD3PlWdN0L5070WO6pA"}}, {"model": "checkout.orderlineitem", "pk": 34, "fields": {"order": 20, "product": 5, "quantity": 1, "lineitem_total": "595.00"}}, {"model": "checkout.orderlineitem", "pk": 35, "fields": {"order": 21, "product": 18, "quantity": 1, "lineitem_total": "850.00"}}, {"model": "checkout.orderlineitem", "pk": 36, "fields": {"order": 22, "product": 28, "quantity": 1, "lineitem_total": "600.00"}}, {"model": "checkout.orderlineitem", "pk": 37, "fields": {"order": 23, "product": 27, "quantity": 1, "lineitem_total": "2000.00"}}, {"model": "checkout.orderlineitem", "pk": 38, "fields": {"order": 24, "product": 25, "quantity": 1, "lineitem_total": "500.00"}}]
